{"accuracy": [0.22444890439510345, 0.38502004742622375, 0.5270541310310364, 0.6093437075614929, 0.6615731716156006, 0.7128006219863892, 0.7433617115020752, 0.7809368968009949, 0.804734468460083, 0.8331663608551025, 0.851077139377594, 0.8718687295913696, 0.8936623334884644, 0.9009268283843994, 0.9091933965682983, 0.9205911755561829, 0.9332414865493774, 0.937750518321991, 0.9436372518539429, 0.9551603198051453, 0.9597945809364319, 0.960796594619751, 0.9693136215209961, 0.9624248743057251, 0.969188392162323, 0.9726954102516174, 0.9745741486549377, 0.9713176488876343, 0.9823396801948547, 0.9785821437835693], "loss": [2.0813636779785156, 1.679019570350647, 1.339590311050415, 1.1142628192901611, 0.9835262894630432, 0.8314092755317688, 0.7505533695220947, 0.651422917842865, 0.5742045044898987, 0.5022374987602234, 0.43771427869796753, 0.3902052342891693, 0.31891489028930664, 0.29699504375457764, 0.26909172534942627, 0.2397090047597885, 0.2004474401473999, 0.17945609986782074, 0.16497065126895905, 0.1335417479276657, 0.12359346449375153, 0.11820847541093826, 0.09505732357501984, 0.1136443167924881, 0.09368614107370377, 0.08787951618432999, 0.08520398288965225, 0.0872429758310318, 0.052276529371738434, 0.06687416136264801], "val_accuracy": [0.32815632224082947, 0.48046091198921204, 0.5991984009742737, 0.6392785310745239, 0.6833667159080505, 0.7089178562164307, 0.6733466982841492, 0.7765530943870544, 0.7905811667442322, 0.8011022210121155, 0.8006011843681335, 0.797595202922821, 0.8046092391014099, 0.8311623334884644, 0.828657329082489, 0.8261523246765137, 0.8321643471717834, 0.8742485046386719, 0.8667334914207458, 0.8857715725898743, 0.8431863784790039, 0.8722444772720337, 0.8607214689254761, 0.8782564997673035, 0.8727455139160156, 0.8887775540351868, 0.8627254366874695, 0.8927855491638184, 0.891783595085144, 0.8912825584411621], "val_loss": [1.8037067651748657, 1.4584708213806152, 1.1492552757263184, 1.0312390327453613, 0.9526998400688171, 0.8721729516983032, 0.9286987781524658, 0.6829897165298462, 0.6244671940803528, 0.5944428443908691, 0.6219989657402039, 0.6544793844223022, 0.6624684929847717, 0.5362020134925842, 0.5673226118087769, 0.5883851647377014, 0.5786857604980469, 0.44318458437919617, 0.48869284987449646, 0.4350970387458801, 0.5500780940055847, 0.4736842215061188, 0.5494726300239563, 0.44809478521347046, 0.4912146329879761, 0.444610595703125, 0.5155762434005737, 0.44194191694259644, 0.4737907350063324, 0.4345146417617798]}